,0,1,2
0,Central Park,28.1869528,76.627053
1,Model Town Park,28.1853938,76.6165407
2,Ambedkar Park,28.1847755,76.6148256
3,City Park,28.1889462,76.6125689
4,Raja Garden,28.2048758,76.6312532
5,Children Park,28.2129862,76.79577259999999
6,Children Park,28.1600238,76.8143848
7,Chhota Park,28.1585791,76.8142946
8,Central Park 2 (Utsav),28.2078718,76.8196569
9,Central Park 1 (Utsav),28.2070061,76.8218198
12,Community Park,28.1952371,76.83731929999999
13,Sector 9 Park,28.1958133,76.8404731
14,Community Park,28.20284939999999,76.8316424
17,Community Park,28.2148975,76.8388061
18,Phase- II Park,28.20408459999999,76.86461899999999
20,BMU Recreation Park,28.2472459,76.8149706
26,Aashram park,28.3211211,76.7882008
28,Shagun Palace,28.34443409999999,76.76305169999999
31,ORC Pyramid Park,28.296348,76.8493932
32,Nagata Park,28.2751494,76.8684026
42,Amity University Herbal Garden,28.3200745,76.9144276
45,NBRC-Garden,28.3326457,76.93954939999999
48,"Camp Inn, Sohna",28.2339026,77.11239979999999
49,Banyan Tree Aklimpur,28.3578517,77.03710629999999
50,Ashok Vatika Aklimpur,28.3592679,77.0425038
51,Jhumri Tilaiya,28.29144819999999,77.1476966
53,The Nest Lake,28.35875350000001,77.1166729
54,Front Park,28.2671677,77.28765489999999
56,Park,28.3208014,77.3089289
57,Sameer Potteries,28.3277751,77.3048001
60,WCTM Park,28.4439112,76.7727853
61,SHYAM BHAG VATIKA,28.3704829,76.86985729999999
67,Central Park,28.36798839999999,76.94612169999999
68,Park,28.3665202,76.9485524
69,Park,28.3631413,76.9479222
73,Tulip Ace Park,28.4254061,76.9442296
74,Petals Park,28.4258566,76.9455492
75,Pugdundee Safaris,28.42140280000001,77.1047707
78,Farm Park Aklimpur,28.3597305,77.0435833
79,Park,28.4132104,77.0499251
80,Park,28.4143767,77.0471365
81,Park,28.416162,77.044258
82,A-Block Park,28.4170702,77.04484269999999
83,Park,28.4162678,77.050015
84,Park,28.417909,77.0447078
85,B-Block Park,28.4179954,77.0470016
86,Park,28.4170192,77.0531633
87,E-Space Park,28.4121296,77.06526079999999
88,G Block Park,28.4163266,77.0576157
89,I Block Park,28.4181892,77.0583352
90,Deerwood Chase Nirvana Country Gurgaon,28.4154844,77.0630836
91,Colony Ground,28.426437,77.0543551
92,M2K Aura Common Park,28.4267405,77.05541199999999
93,Subedar Ram Narain Trance,28.4256514,77.0624721
94,Park - 5,28.4252445,77.06613469999999
95,dog park sector 46,28.431704,77.0592588
96,Sec 46 Park,28.4350888,77.0513193
100,HUDA PARK,28.4404789,77.0058858
101,HUDA Park,28.4404033,77.0041761
102,Gaushala Cyclist Assembly Point,28.3986305,77.11004679999999
103,Anupam Park,28.4473415,77.0361167
105,HUDA Park,28.4448401,77.0074155
106,The Found Lake,28.376423,77.117566
107,Rao Tula Ram Park,28.4448969,77.0033662
108,Fort 2 Pedal Yatris,28.3777894,77.1195522
109,Mahadev Ramp - Pedal Yatris,28.37775629999999,77.1197748
110,Triangle Children Play Park,28.4443846,77.0635969
111,Triangle Park,28.4443555,77.06422649999999
112,Freedom Park,28.4483268,77.0045361
113,Children Park,28.4411559,77.0752437
114,Games Park,28.4420525,77.0752437
121,Smiriti Vatika,28.4308412,77.1069857
122,Suncity Park No. 3,28.4364023,77.1135489
123,Suncity Park No. 4,28.4363435,77.1148075
124,Suncity Park No. 2,28.4370751,77.1112114
125,Suncity Park No. 1,28.4368217,77.1095031
149,Bhuvnesh Kumar Dhingra park(3G block),28.3968011,77.2900676
150,Nature Wanderers | International Wildlife Photography Tour Organiser,28.430419,77.291266
151,"Park NH-2, Block H, Market Side",28.3842125,77.2878794
152,"Park Nh-2, Block - F",28.3822517,77.28945039999999
153,"Park Nh-2, Block- L, Widow Home",28.3862784,77.2883731
154,Housing Board Colony,28.4019756,77.285707
155,Local Park,28.3461995,77.2935797
156,Samudaik kendra,28.4005999,77.2917844
157,Guru Nanak Park,28.4017615,77.292682
158,Children's Park,28.3455958,77.2986066
159,Tikona Park,28.417532,77.28626349999999
160,Children Park,28.4083683,77.2970806
161,Park,28.3374251,77.3057425
162,Gulmohar Park,28.4204838,77.29519549999999
164,Park Aravalihills,28.422473,77.29488130000001
165,Local Park,28.3923724,77.31494239999999
166,Community Centre Park,28.3922943,77.3160194
167,Sector 15A Park,28.4004532,77.31355119999999
168,Local Park,28.3924464,77.3176349
169,Kids Park,28.4170573,77.3045308
170,Bhagwan Parshuram Park,28.3738238,77.3219427
171,Jalebi Park,28.4196036,77.3048898
172,Nahar Singh Park,28.3399943,77.3182631
173,Sadbhavna Park,28.3738807,77.3244556
174,Park,28.43038749999999,77.2955546
176,Central Park,28.3971292,77.3225709
177,Local Park,28.3730736,77.3273273
178,I park,28.4029986,77.3210453
179,C Block Park,28.3596932,77.32822469999999
180,Local Park,28.3609668,77.3284042
181,Sadbhawana Park,28.381046,77.33001949999999
182,Sanjha Park,28.3796635,77.3315451
184,National Highways Authority Of India,28.433121,77.318818
187,Sahid Bhagat Singh Park,28.374276,77.3363011
189,Sarvodaya Hospital Park,28.3670626,77.3364357
192,Swaran Jayanti Park,28.3791142,77.33333979999999
196,local park,28.3465719,77.3342821
197,Dream land garden,28.3467418,77.33657029999999
198,Bishambar palace,28.3465762,77.33576269999999
200,Green Park,28.3954604,77.3315451
208,Green Park Resident Society Apna Park,28.4067805,77.32499399999999
214,Aanand Vatika,28.4125641,77.3273273
215,Swatantrata Senani Shri Ranbeer Singh Hudda Park,28.4131426,77.3296606
216,Punjabi Bhawan,28.4126971,77.3230197
217,Surya Park,28.4149374,77.3296606
222,Central Park,28.41343670000001,77.3546183
223,Kids Park,28.4137386,77.3551494
236,Outfall Drain No 8,28.5141721,76.61076349999999
237,Outfall Drain No 8,28.520921,76.5887357
238,Bhindawas Link Drain,28.5303994,76.56363379999999
239,Outfall Drain No 8,28.5514419,76.6263793
240,Outfall Drain No 8,28.55962,76.65634179999999
242,Outfall Drain No 6,28.506687,76.766294
243,Outfall Drain No 8,28.5283381,76.7316681
244,Outfall Drain No 8,28.5041589,76.7915361
245,village park,28.4965187,76.8094729
246,Outfall Drain No 8,28.5093373,76.80776039999999
249,Green Place,28.5864075,76.66383139999999
250,Ootfall Drain No 8,28.55910789999999,76.67817749999999
253,Drain No 8,28.5596561,76.56092459999999
256,Drain No 8,28.5935477,76.538527
262,K.C.B.Drain,28.636044,76.7790059
264,Outfall Drain No 8,28.5254816,76.818936
